,Company name,Price
0,WeCodePlus,"$5,000+"
1,Outible,"$1,000+"
2,Ulan Software,"$25,000+"
3,PLDEVS.COM,"$5,000+"
4,MaceSol Technologies,"$1,000+"
5,Savvy Programmers,"$1,000+"
6,Appsord,"$1,000+"
7,Inveon,"$25,000+"
8,Venturex Apps,"$5,000+"
9,Webistra Soft Solution Pvt. Ltd.,"$1,000+"
10,Selesti,Undisclosed
11,Digital Broadcasters,Undisclosed
12,Nordcode,"$5,000+"
13,AleaIT Solutions,"$5,000+"
14,Omega Prime Group,"$1,000+"
15,AKQA,"$10,000+"
16,Silver Touch Technologies,"$100,000+"
17,The Dewsign Consultancy,Undisclosed
18,AA Business Consulting,"$5,000+"
19,Flugelsoft UK Limited,Undisclosed
20,DigitalWorks,"$5,000+"
21,Mallzee,Undisclosed
22,Venditan Limited,"$10,000+"
23,Genora Infotech,Undisclosed
24,IMEDIAVAN,"$1,000+"
25,SBR Technologies Pvt Ltd,"$1,000+"
26,DevGap,"$10,000+"
27,Relictrio - Offshore Development center in India | Recruitment services | IT Services,"$1,000+"
28,Glasier Inc.,"$1,000+"
29,Furious Fox Limited,"$5,000+"
30,Brevity Software Solutions,"$5,000+"
31,Argo 22,"$5,000+"
32,Horizon Interactive Ltd,Undisclosed
33,MVoucher Codes,"$1,000+"
34,creativio,"$10,000+"
35,Go Live UK,"$5,000+"
36,Chilliapple Ltd.,"$10,000+"
37,Latlon Technologies,Undisclosed
38,Purple Tuesday Limited,"$25,000+"
39,Dot Nine Solutions,Undisclosed
40,Deazy,"$5,000+"
41,Grappex Software,"$1,000+"
42,Augmetic,"$1,000+"
43,Abacus e-Media,"$10,000+"
44,Red Ant,Undisclosed
45,Fortune Innovations Liverpool,Undisclosed
46,Root Info Solutions,"$10,000+"
47,MadeByPi,"$10,000+"
48,Gloversure Ltd,"$1,000+"
49,Alliants,"$10,000+"
50,Speedflow,"$1,000+"
51,MegronTech,"$1,000+"
52,Cold Banana Studio,"$10,000+"
53,KLOC,Undisclosed
54,Click Agency,"$10,000+"
55,ZestinIT Solutions Ltd,Undisclosed
56,STRANDcreative,"$1,000+"
57,TheITWebCare,"$1,000+"
58,Bray Leino Splash,"$10,000+"
59,Youpal AB,"$50,000+"
60,UK Digital Company,"$1,000+"
61,The Visual Works,"$10,000+"
62,Americaneagle.com,"$5,000+"
63,Coherent,"$5,000+"
64,Enigma Interactive,"$10,000+"
65,Cursor,"$5,000+"
66,Marlin Web Design Services,Undisclosed
67,IT Enterprise,Undisclosed
68,Internet Dreams Studio,"$5,000+"
69,16 Interactive,"$5,000+"
70,Maido,"$10,000+"
71,Glow New Media Ltd.,"$10,000+"
72,Creative Website UK,Undisclosed
73,Can Factory,Undisclosed
74,Max Web Solutions,"$10,000+"
75,iDeliver,"$1,000+"
76,GMS Technology Ltd,Undisclosed
77,Binsera Ltd,"$1,000+"
78,Kayo Digital,"$5,000+"
79,iResources,"$10,000+"
80,Promo Partners,"$1,000+"
81,Byng,"$10,000+"
82,Rabbit & Hare,"$10,000+"
83,Kreativ,Undisclosed
84,Royal Cyber,Undisclosed
85,Spiral Media,"$10,000+"
86,fuzzylime,Undisclosed
87,Pro Web Design,Undisclosed
88,NeoSolax,"$1,000+"
89,b2b.store,"$1,000+"
90,Designway,"$1,000+"
91,Voodoo Park,"$10,000+"
92,Factory 73,Undisclosed
93,Neosis LTd,"$5,000+"
94,Codeware Ltd,"$5,000+"
95,Quirinus Solutions Ltd,"$5,000+"
96,EastSons' Technologies,"$1,000+"
97,Error Creative Studio,"$10,000+"
98,Zodiac Media,"$5,000+"
99,VizionOnline Limited,"$10,000+"
100,Shynee Web Design,"$10,000+"
101,The Digital Consortium,"$10,000+"
102,NexGen Systems Inc,"$1,000+"
103,D3R,"$5,000+"
104,Daymedia,"$10,000+"
105,bond media,"$10,000+"
106,Crocodile Communication Ltd,Undisclosed
107,"Niteco Co., Ltd","$10,000+"
108,Software Co,"$10,000+"
109,Daher Technology,"$1,000+"
110,FARM Digital,"$10,000+"
111,Level Up,"$10,000+"
112,Commvia Ltd,"$10,000+"
113,Death By Design Ltd,"$10,000+"
114,Xperts Web Design,Undisclosed
115,Soft Gorillas,"$5,000+"
116,Strides Empower Ltd,"$5,000+"
117,Software Demand,"$1,000+"
118,Univers Labs,"$25,000+"
119,Kaweb,"$10,000+"
120,Other Media,"$50,000+"
121,Web Alliance Limited,"$10,000+"
122,Websquare IT Solutions Ltd,"$10,000+"
123,Atom Engine,"$10,000+"
124,Webmoco,"$10,000+"
125,Kick Interactive,"$10,000+"
126,IDAC Media Ltd,"$10,000+"
127,Refined Internet,"$10,000+"
128,Matcha Labs,"$10,000+"
129,Round Square,"$5,000+"
130,X402 Limited,Undisclosed
131,Kinetic Applications,"$10,000+"
132,Thyme Digital,"$10,000+"
133,Glue Digital Studio,Undisclosed
134,AceGurus,"$1,000+"
135,Graph,"$10,000+"
136,Finer Vision,"$10,000+"
137,Tribe Digital,"$5,000+"
138,Webnextech LLC,Undisclosed
139,Isle Interactive,"$10,000+"
140,Invental Solutions,"$10,000+"
141,Fablr,Undisclosed
142,Built By Cactus,"$1,000+"
143,Wivro Ltd,"$1,000+"
144,Mantreza Technologies Private Limited,"$1,000+"
145,ENDIGITAL,"$25,000+"
146,StecPoint,"$10,000+"
147,Orange Bus Ltd,"$10,000+"
148,Obergine,"$10,000+"
149,Redian Software,"$1,000+"
150,Code Wizards Ltd,"$5,000+"
151,Volcanic Internet,"$5,000+"
152,CoreFoxs,"$1,000+"
153,TechnoPoint Ltd,Undisclosed
154,Atako Limited,"$1,000+"
155,Digitransformer Ltd,Undisclosed
156,Virtualweb,Undisclosed
157,Rework,Undisclosed
158,Axe Edge,"$5,000+"
159,Magma Digital Ltd,"$10,000+"
160,Mtc.,"$10,000+"
161,Satsuma Media Ltd,"$10,000+"
162,Drimlike â€¢ Creative Digital Agency,"$10,000+"
163,Dawson Andrews,"$10,000+"
164,getyouonline.co.uk,"$10,000+"
165,Link Digital,"$10,000+"
166,ecce.,"$10,000+"
167,GetSircles,"$5,000+"
168,We Make Websites,"$10,000+"
169,Northern Monkey Creative Media,"$10,000+"
170,morphsites,"$10,000+"
171,Redbox Digital Limited,"$10,000+"
172,Nemco,"$5,000+"
173,Primitive Online,Undisclosed
174,TextmiMedia.com,"$1,000+"
175,TechTee,"$5,000+"
176,CookiesHQ,"$25,000+"
177,Oxistech,"$5,000+"
178,CodeFirst,"$10,000+"
179,ComputerMinds,"$5,000+"
180,Blue2 Digital,"$5,000+"
181,Bow House Ltd,Undisclosed
182,Thunderbolt Digital,"$10,000+"
183,Orion eSolutions,"$5,000+"
184,Jawahir,"$1,000+"
185,Search Intelligence Ltd,Undisclosed
186,Bing Digital,"$25,000+"
187,Tekfirst,"$10,000+"
188,effect digital,"$10,000+"
189,ne-web Ltd,"$5,000+"
190,Tech Active,"$10,000+"
191,Talentelgia Technologies,"$10,000+"
192,Software Alliance,"$1,000+"
193,Barques,"$5,000+"
194,Discover IT,"$25,000+"
195,Webphoria Web Design,"$10,000+"
196,Spider Online,"$10,000+"
197,Hex Digital,"$10,000+"
198,Edit Studios Ltd,"$10,000+"
199,Design Lobby,"$10,000+"
200,Artbees,"$5,000+"
201,SteadyGo,"$10,000+"
202,Fifteen Digital Limited,"$10,000+"
203,BPI ROK,"$10,000+"
204,PYCO IT SOLUTIONS LTD,"$1,000+"
205,Belvic Technologies,"$1,000+"
206,DigiStuds,"$5,000+"
207,Akoom Tech,"$10,000+"
208,Softech Business Services Limited,"$1,000+"
209,Versantus,"$10,000+"
210,Somerset Design,"$10,000+"
211,Code23 Ltd,"$10,000+"
212,Oporteo,"$10,000+"
213,Pace IT Systems Ltd,"$10,000+"
214,Equals Collective,"$5,000+"
215,205 Media,"$10,000+"
216,Method & Class Ltd,"$10,000+"
217,Distortion,"$10,000+"
218,Digitl,Undisclosed
219,Xune Solutions,"$1,000+"
220,Designaweb,"$10,000+"
221,Pixie Labs,"$10,000+"
222,Toru Interactive,Undisclosed
223,Pixelbin Web Design,"$1,000+"
224,Fingertipmedia,"$5,000+"
225,TechXect,"$1,000+"
226,DX Digital Ltd,"$10,000+"
227,YP Solutions Ltd.,"$1,000+"
228,Positive Signal,"$10,000+"
229,Panic Bear Consulting,"$10,000+"
230,Estimate,"$5,000+"
231,Awesome Creative,"$10,000+"
232,e2 media,"$10,000+"
233,OH+CO,"$10,000+"
234,Reedon Technologies,"$10,000+"
235,neu,"$5,000+"
236,Sequel,"$1,000+"
237,KnotSync,"$10,000+"
238,Ruddy Good Marketing,"$10,000+"
239,Red Dragon Webmaster,"$1,000+"
240,BlackStone Associates - Technical Support Services,"$5,000+"
241,Lobo Creative,"$5,000+"
242,Visualytes Limited,"$1,000+"
243,Website Development UK,"$1,000+"
244,Ar Computers,"$1,000+"
245,Fireant Networks,"$1,000+"
246,Raadl,"$1,000+"
247,Neshes Global,"$1,000+"
248,Concept21,"$5,000+"
249,Hawketing,Undisclosed
250,Geneva Digital Group,"$10,000+"
251,We Talk IT,"$10,000+"
252,Leicester Web Designers,"$10,000+"
253,Cittrex,"$10,000+"
254,Affinity Cloud,"$10,000+"
255,Precise Agency,"$10,000+"
256,hsp solutions GmbH,"$25,000+"
257,Redhill Interactive LTD,"$5,000+"
258,Gigstart,"$1,000+"
259,5G Digital Ltd,"$1,000+"
260,DooApp Ltd,"$1,000+"
261,Bug Media,"$1,000+"
262,Better Call Paul,"$10,000+"
